Date,Name,Year,Letterboxd URI,Rating
2024-11-09,Fargo,1996,https://boxd.it/2aHM,4
2024-11-09,The Gentlemen,2019,https://boxd.it/iYBQ,4
2024-11-09,The Witch: Part 1. The Subversion,2018,https://boxd.it/jhIm,4
2024-11-09,Raiders of the Lost Ark,1981,https://boxd.it/2bbs,4
2024-11-09,The Platform,2019,https://boxd.it/mUm6,3.5
2024-11-09,Requiem for a Dream,2000,https://boxd.it/29VI,4
2024-11-09,Sleepy Hollow,1999,https://boxd.it/26u0,3
2024-11-09,Perfect Blue,1997,https://boxd.it/1W7A,4.5
2024-11-09,Ju-on: The Grudge,2002,https://boxd.it/1SY6,2.5
2024-11-09,The A-Team,2010,https://boxd.it/1dHS,3
2024-11-09,National Treasure,2004,https://boxd.it/27x0,3.5
2024-11-09,The Other Guys,2010,https://boxd.it/1rtq,4
2024-11-09,For a Few Dollars More,1965,https://boxd.it/29eu,4
2024-11-09,Gonjiam: Haunted Asylum,2018,https://boxd.it/ioyw,3
2024-11-09,The Autopsy of Jane Doe,2016,https://boxd.it/dUu2,3.5
2024-11-09,The Ring,2002,https://boxd.it/2a70,3
2024-11-09,1408,2007,https://boxd.it/25Vu,3.5
2024-11-09,Grave Encounters,2011,https://boxd.it/D1G,3
2024-11-09,A Haunting in Venice,2023,https://boxd.it/zGdg,2.5
2024-11-09,The Butterfly Effect,2004,https://boxd.it/27M0,4.5
2024-11-09,Deadpool & Wolverine,2024,https://boxd.it/jq8s,4
2024-11-09,Marrowbone,2017,https://boxd.it/dZVC,3
2024-11-09,Day Shift,2022,https://boxd.it/sn8W,3
2024-11-09,Furiosa: A Mad Max Saga,2024,https://boxd.it/tABk,3.5
2024-11-09,Tag,2018,https://boxd.it/gh7Y,4
2024-11-09,Death at a Funeral,2007,https://boxd.it/27dO,3
2024-11-09,The Grand Budapest Hotel,2014,https://boxd.it/3ZqO,4
2024-11-09,The Last Stop in Yuma County,2023,https://boxd.it/DCVQ,3
2024-11-09,Life,2017,https://boxd.it/dRqG,2.5
2024-11-09,The Guilty,2021,https://boxd.it/kOPW,3
2024-11-09,Memories of Murder,2003,https://boxd.it/1TSo,4.5
2024-11-09,City Lights,1931,https://boxd.it/29ki,4
2024-11-09,Unbreakable,2000,https://boxd.it/1XV2,3.5
2024-11-09,Uncut Gems,2019,https://boxd.it/gXGc,3.5
2024-11-09,Disturbia,2007,https://boxd.it/20rk,3
2024-11-09,Saltburn,2023,https://boxd.it/z4eg,4
2024-11-09,City Hunter: Shinjuku Private Eyes,2019,https://boxd.it/jGiy,3
2024-11-09,Leave the World Behind,2023,https://boxd.it/re0i,3.5
2024-11-09,The Beekeeper,2024,https://boxd.it/wJzS,2.5
2024-11-09,Enemy,2013,https://boxd.it/5xtO,3.5
2024-11-09,Minority Report,2002,https://boxd.it/2aWi,4
2024-11-09,The Last Samurai,2003,https://boxd.it/29ZA,4
2024-11-09,Arrival,2016,https://boxd.it/aNGk,3.5
2024-11-09,Evolution,2001,https://boxd.it/1YMK,2.5
2024-11-09,Manjummel Boys,2024,https://boxd.it/EtUc,4
2024-11-09,Smile,2022,https://boxd.it/xjfE,3
2024-11-09,Deadpool,2016,https://boxd.it/9fOC,4
2024-11-09,That's My Boy,2012,https://boxd.it/35IW,3
2024-11-09,Hereditary,2018,https://boxd.it/hNVe,3
2024-11-09,Bleach,2018,https://boxd.it/eRmG,4
2024-11-09,Madgaon Express,2024,https://boxd.it/JzcA,3.5
2024-11-09,Kong: Skull Island,2017,https://boxd.it/9ewM,3.5
2024-11-09,Monkey Man,2024,https://boxd.it/kvsO,3.5
2024-11-09,Primal Fear,1996,https://boxd.it/28ws,3.5
2024-11-09,The Italian Job,2003,https://boxd.it/1Y86,3
2024-11-09,The Shining,1980,https://boxd.it/29Nu,4
2024-11-09,The Silence of the Lambs,1991,https://boxd.it/2aHW,4
2024-11-09,Road House,2024,https://boxd.it/cdzQ,3
2024-11-09,The Girl with the Dragon Tattoo,2011,https://boxd.it/2Pa,4
2024-11-09,Constantine,2005,https://boxd.it/2a7E,3.5
2024-11-09,Kill Bill: Vol. 2,2004,https://boxd.it/2au4,4.5
2024-11-09,Birdman or (The Unexpected Virtue of Ignorance),2014,https://boxd.it/5RFA,4
2024-11-09,Justice League: Crisis on Infinite Earths Part One,2024,https://boxd.it/HH9g,3
2024-11-09,Triangle,2009,https://boxd.it/1tQG,3
2024-11-09,Dune: Part Two,2024,https://boxd.it/pUfA,4.5
2024-11-09,Yes Man,2008,https://boxd.it/1WPW,4
2024-11-09,Gone Girl,2014,https://boxd.it/6hQu,4.5
2024-11-09,The Devil's Advocate,1997,https://boxd.it/286k,3.5
2024-11-09,The Wonderful Story of Henry Sugar,2023,https://boxd.it/yNyo,3.5
2024-11-09,Godzilla,2014,https://boxd.it/47OE,2.5
2024-11-09,The Da Vinci Code,2006,https://boxd.it/2a3i,4
2024-11-09,The Lighthouse,2019,https://boxd.it/icFU,3.5
2024-11-09,Project X,2012,https://boxd.it/neO,3.5
2024-11-09,Gran Turismo,2023,https://boxd.it/B2lS,3
2024-11-09,Watchmen,2009,https://boxd.it/1QE4,3.5
2024-11-09,Gen V - Prime Premiere,2023,https://boxd.it/IOUK,4
2024-11-09,The Rat Catcher,2023,https://boxd.it/Is8a,3
2024-11-09,The Darjeeling Limited,2007,https://boxd.it/24as,3.5
2024-11-09,Escape from Alcatraz,1979,https://boxd.it/1Vwk,3
2024-11-09,Bullet Train,2022,https://boxd.it/qW26,4
2024-11-09,Us,2019,https://boxd.it/gnV6,3.5
2024-11-09,Get Out,2017,https://boxd.it/eOCm,4
2024-11-09,The Witch,2015,https://boxd.it/9X0m,3.5
2024-11-09,Evil Dead Rise,2023,https://boxd.it/qIvo,3.5
2024-11-09,Battleship,2012,https://boxd.it/QZ0,4
2024-11-09,Oppenheimer,2023,https://boxd.it/wUow,4
2024-11-09,Everything Everywhere All at Once,2022,https://boxd.it/jUk4,4.5
2024-11-09,RRR,2022,https://boxd.it/ljDs,3.5
2024-11-09,"The Gangster, the Cop, the Devil",2019,https://boxd.it/lnuk,4
2024-11-09,Face/Off,1997,https://boxd.it/29I0,3.5
2024-11-09,A Hard Day,2014,https://boxd.it/85lS,4
2024-11-09,The Killer,2023,https://boxd.it/u6WE,3.5
2024-11-09,Renfield,2023,https://boxd.it/o8vy,3
2024-11-09,The Unbearable Weight of Massive Talent,2022,https://boxd.it/o6eK,4
2024-11-09,Air,2023,https://boxd.it/Arlc,3.5
2024-11-09,Poison,2023,https://boxd.it/Is7Q,4
2024-11-09,Calibre,2018,https://boxd.it/h0ru,3
2024-11-09,Leo,2023,https://boxd.it/zOWS,3.5
2024-11-09,Murder Mystery,2019,https://boxd.it/iEBm,3
2024-11-09,300,2006,https://boxd.it/28XI,4.5
2024-11-09,Oblivion,2013,https://boxd.it/2Bzq,3.5
2024-11-09,Edge of Tomorrow,2014,https://boxd.it/4pD0,4.5
2024-11-09,World War Z,2013,https://boxd.it/2p2E,3.5
2024-11-09,I Am Legend,2007,https://boxd.it/21DG,3.5
2024-11-09,Limitless,2011,https://boxd.it/Aly,3.5
2024-11-09,Predestination,2014,https://boxd.it/6bJM,4
2024-11-09,Source Code,2011,https://boxd.it/fdo,3.5
2024-11-09,Donnie Darko,2001,https://boxd.it/2b2A,3.5
2024-11-09,Drive,2011,https://boxd.it/IG,4
2024-11-09,Talk to Me,2022,https://boxd.it/C6uQ,4.5
2024-11-09,John Wick: Chapter 4,2023,https://boxd.it/mh48,4
2024-11-09,Mission: Impossible – Dead Reckoning,2023,https://boxd.it/l7zS,4
2024-11-09,Interstellar,2014,https://boxd.it/4VZ8,4.5
2024-11-09,The Lord of the Rings: The Fellowship of the Ring,2001,https://boxd.it/2b5O,3.5
2024-11-09,The Lord of the Rings: The Two Towers,2002,https://boxd.it/2b5E,3.5
2024-11-09,The Lord of the Rings: The Return of the King,2003,https://boxd.it/2b5u,3.5
2024-11-09,Game Night,2018,https://boxd.it/fRtu,3.5
2024-11-09,A Quiet Place,2018,https://boxd.it/fVJQ,3.5
2024-11-09,Afro Samurai,2007,https://boxd.it/a6W,4.5
2024-11-09,Dark Waters,2019,https://boxd.it/kaYu,4
2024-11-09,Insomnia,2002,https://boxd.it/2aB0,4
2024-11-09,Inglourious Basterds,2009,https://boxd.it/1JzG,4
2024-11-09,Looper,2012,https://boxd.it/ham,4
2024-11-09,Casino Royale,2006,https://boxd.it/1alk,4
2024-11-09,Taken,2008,https://boxd.it/1ZXa,3.5
2024-11-09,Bad Times at the El Royale,2018,https://boxd.it/fSA2,3
2024-11-09,The Hunt,2020,https://boxd.it/iE9i,3.5
2024-11-09,Léon: The Professional,1994,https://boxd.it/2b8S,4
2024-11-09,Guardians of the Galaxy Vol. 3,2023,https://boxd.it/fVNI,4
2024-11-09,The Flash,2023,https://boxd.it/9twC,3.5
2024-11-09,Spider-Man: Into the Spider-Verse,2018,https://boxd.it/azpY,4
2024-11-09,The Imitation Game,2014,https://boxd.it/6aig,3.5
2024-11-09,Dracula Untold,2014,https://boxd.it/H4u,3.5
2024-11-09,Insidious: Chapter 2,2013,https://boxd.it/3dqc,3
2024-11-09,Barbarian,2022,https://boxd.it/yohi,3
2024-11-09,Se7en,1995,https://boxd.it/29zs,4.5
2024-11-09,Kill Bill: Vol. 1,2003,https://boxd.it/70w,4
2024-11-09,Knives Out,2019,https://boxd.it/jWEA,4
2024-11-09,Glass Onion,2022,https://boxd.it/oCkK,4
2024-11-09,Gladiator,2000,https://boxd.it/2b9m,4.5
2024-11-09,Jack Reacher,2012,https://boxd.it/2BUo,4
2024-11-09,Prey,2022,https://boxd.it/sNBU,4
2024-11-09,Soorarai Pottru,2020,https://boxd.it/lWrq,4
2024-11-09,Kaithi,2019,https://boxd.it/lBLY,4
2024-11-09,Vikram Vedha,2017,https://boxd.it/fkaY,4
2024-11-09,Ratsasan,2018,https://boxd.it/eyFu,4.5
2024-11-09,The Godfather,1972,https://boxd.it/2aNK,5
2024-11-09,Rear Window,1954,https://boxd.it/2a6Q,4
2024-11-09,Top Gun: Maverick,2022,https://boxd.it/cjr4,4.5
2024-11-09,K.G.F: Chapter 1,2018,https://boxd.it/kGf2,4
2024-11-09,Star Wars,1977,https://boxd.it/72s,3.5
2024-11-09,Karthikeya,2014,https://boxd.it/9xug,3
2024-11-09,The Irishman,2019,https://boxd.it/dYOq,4
2024-11-09,No Time to Die,2021,https://boxd.it/cPX2,4
2024-11-09,Pulp Fiction,1994,https://boxd.it/29Pq,4.5
2024-11-09,The Martian,2015,https://boxd.it/8SeG,4
2024-11-09,Nightcrawler,2014,https://boxd.it/780m,4
2024-11-09,Prisoners,2013,https://boxd.it/4E5i,4
2024-11-09,The Dark Knight Rises,2012,https://boxd.it/H3m,4.5
2024-11-09,Doctor Strange,2016,https://boxd.it/8MH8,4
2024-11-09,The Avengers,2012,https://boxd.it/1xFW,4
2024-11-09,Logan,2017,https://boxd.it/7Piy,4.5
2024-11-09,Guardians of the Galaxy Vol. 2,2017,https://boxd.it/8MxC,3.5
2024-11-09,Aquaman,2018,https://boxd.it/9ru0,3
2024-11-09,Harry Potter and the Deathly Hallows: Part 2,2011,https://boxd.it/1RYk,5
2024-11-09,Batman Begins,2005,https://boxd.it/2aIg,4
2024-11-09,Guardians of the Galaxy,2014,https://boxd.it/3VH2,3.5
2024-11-09,Mad Max: Fury Road,2015,https://boxd.it/2DjO,5
2024-11-09,Avatar,2009,https://boxd.it/1Efm,4
2024-11-09,Thor: Ragnarok,2017,https://boxd.it/8MHi,3.5
2024-11-09,Jurassic Park,1993,https://boxd.it/2aA2,4
2024-11-09,A Silent Voice: The Movie,2016,https://boxd.it/d99c,4
2024-11-09,K.G.F: Chapter 2,2022,https://boxd.it/lCgM,4
2024-11-09,Catch Me If You Can,2002,https://boxd.it/29VS,4
2024-11-09,The Wolf of Wall Street,2013,https://boxd.it/3C1m,4
2024-11-09,Shutter Island,2010,https://boxd.it/1U82,4.5
2024-11-09,The Departed,2006,https://boxd.it/28MA,4.5
2024-11-09,Midnight Run,1988,https://boxd.it/1ZnQ,3.5
2024-11-09,Doctor Strange in the Multiverse of Madness,2022,https://boxd.it/gaTc,3
2024-11-09,American Psycho,2000,https://boxd.it/28Vs,4
2024-11-09,Back to the Future,1985,https://boxd.it/2b8e,4
2024-11-09,The Prestige,2006,https://boxd.it/293w,4.5
2024-11-09,Dunkirk,2017,https://boxd.it/d0Y6,4
2024-11-09,Memento,2000,https://boxd.it/2bcK,4.5
2024-11-09,Spider-Man: No Way Home,2021,https://boxd.it/nwRw,4
2024-11-09,Reservoir Dogs,1992,https://boxd.it/2agc,4
2024-11-09,My Hero Academia: Two Heroes,2018,https://boxd.it/igfw,3.5
2024-11-09,Ocean's Eleven,2001,https://boxd.it/2aZm,3
2024-11-09,Shang-Chi and the Legend of the Ten Rings,2021,https://boxd.it/kLDI,4
2024-11-09,Fight Club,1999,https://boxd.it/2a9q,4.5
2024-11-09,Inception,2010,https://boxd.it/1skk,4.5
2024-11-09,The Suicide Squad,2021,https://boxd.it/fw6O,4
2024-11-09,Demon Slayer -Kimetsu no Yaiba- The Movie: Mugen Train,2020,https://boxd.it/nyLU,4
2024-11-09,Your Name.,2016,https://boxd.it/cUqs,5
2024-11-09,GoodFellas,1990,https://boxd.it/29FA,4.5
2024-11-09,Zack Snyder's Justice League,2021,https://boxd.it/tLOk,4.5
2024-11-09,Nobody,2021,https://boxd.it/mLqS,3.5
2024-11-09,Avengers: Infinity War,2018,https://boxd.it/9vEe,5
2024-11-09,Parasite,2019,https://boxd.it/hTha,4.5
2024-11-09,The Shawshank Redemption,1994,https://boxd.it/2aHi,4.5
2024-11-09,The Dark Knight,2008,https://boxd.it/2b0k,5
2024-11-09,Tenet,2020,https://boxd.it/leq4,4
2024-11-09,Joker,2019,https://boxd.it/h4cS,4.5
2024-11-09,Avengers: Endgame,2019,https://boxd.it/9vE4,5
2024-11-15,Akira,1988,https://boxd.it/2b1i,4
2024-11-17,Olympus Has Fallen,2013,https://boxd.it/3TMY,2
2024-11-17,Mirage,2018,https://boxd.it/jeOm,2.5
2024-11-17,Bad Trip,2021,https://boxd.it/lgRG,2
2024-11-18,Twisters,2024,https://boxd.it/qV7a,2.5
2024-11-18,The Wild,2006,https://boxd.it/1Xz6,2
2024-11-19,"I, Robot",2004,https://boxd.it/27y8,3.5
2024-11-23,Mortal Engines,2018,https://boxd.it/fahg,2
2024-11-30,Sympathy for Mr. Vengeance,2002,https://boxd.it/23WU,4.5
2024-12-01,Werewolf by Night,2022,https://boxd.it/xMrO,3
2024-12-01,Smile 2,2024,https://boxd.it/FDA4,3.5
2024-12-01,Jumper,2008,https://boxd.it/20ss,2
2024-12-08,The Wailing,2016,https://boxd.it/9fLy,4
2024-12-26,The Meg,2018,https://boxd.it/bAL4,2.5
2024-12-28,"The Good, the Bad and the Ugly",1966,https://boxd.it/2ape,4.5
2024-12-28,A Fistful of Dollars,1964,https://boxd.it/2auo,3.5
2024-12-28,The Hateful Eight,2015,https://boxd.it/8gw8,5
2024-12-29,John Wick,2014,https://boxd.it/7dEc,4
2024-12-29,The Fall Guy,2024,https://boxd.it/s0Bm,3
2024-12-29,Independence Day,1996,https://boxd.it/2a1w,3.5
2024-12-30,Airplane!,1980,https://boxd.it/29yu,3.5
2024-12-30,Bramayugam,2024,https://boxd.it/Iekc,4
2024-12-30,Monty Python and the Holy Grail,1975,https://boxd.it/29GI,4
2024-12-30,Snatch,2000,https://boxd.it/2b7U,4.5
2024-12-31,Knowing,2009,https://boxd.it/1Pmy,2.5
2025-01-01,Blade,1998,https://boxd.it/1a8A,3.5
2025-01-01,One Cut of the Dead,2017,https://boxd.it/iAFu,4.5
2025-01-01,Five Nights at Freddy's,2023,https://boxd.it/ikHu,1.5
2025-01-04,Troy,2004,https://boxd.it/29TW,4
2025-01-04,The Wild Robot,2024,https://boxd.it/IWFy,4.5
2025-01-05,Mr. Peabody & Sherman,2014,https://boxd.it/2TRM,3
2025-01-08,Under the Skin,2013,https://boxd.it/3mDa,3.5
2025-01-12,Red Ghost,2020,https://boxd.it/l9mm,3
2025-01-12,Evangelion: 1.0 You Are (Not) Alone,2007,https://boxd.it/1MKi,3.5
2025-01-13,Cure,1997,https://boxd.it/1blA,4
2025-01-16,Rosemary's Baby,1968,https://boxd.it/29zM,4
2025-01-19,Anchorman: The Legend of Ron Burgundy,2004,https://boxd.it/1ZVo,3
2025-01-19,Tumbbad,2018,https://boxd.it/jDZk,4
2025-01-24,Nosferatu,2024,https://boxd.it/f5eG,4
2025-01-25,The Bad Guys,2022,https://boxd.it/nkg4,3
2025-01-31,Forgotten,2017,https://boxd.it/hAJE,4
2025-01-31,The Chaser,2008,https://boxd.it/1PgU,4.5
2025-02-03,The Whole Nine Yards,2000,https://boxd.it/27vS,3
2025-02-06,Confession of Murder,2012,https://boxd.it/4uK6,3.5
2025-02-12,SPY x FAMILY CODE: White,2023,https://boxd.it/EdkW,3
2025-02-12,Late Night with the Devil,2023,https://boxd.it/zo6G,4
2025-02-13,Jackie Brown,1997,https://boxd.it/2aVO,4
2025-02-16,Tokyo Godfathers,2003,https://boxd.it/1Qg2,4
2025-02-21,Oldboy,2003,https://boxd.it/29R2,4.5
2025-02-25,28 Days Later,2002,https://boxd.it/2aXU,4
2025-02-26,The Truman Show,1998,https://boxd.it/18U8,4.5
2025-02-26,The Pianist,2002,https://boxd.it/2aqc,5
2025-03-02,The Adventures of Tintin,2011,https://boxd.it/1Irc,4
2025-03-02,Harry Potter and the Philosopher's Stone,2001,https://boxd.it/29QS,4
2025-03-03,Sonic the Hedgehog 3,2024,https://boxd.it/zq0U,3.5
2025-03-07,"The Pig, the Snake and the Pigeon",2023,https://boxd.it/DAoU,4
2025-03-12,Bad Boys: Ride or Die,2024,https://boxd.it/l3Ki,3
2025-03-16,Speed,1994,https://boxd.it/28qk,3
2025-03-17,Chinatown,1974,https://boxd.it/29vU,4
2025-03-20,Vertigo,1958,https://boxd.it/2apI,4
2025-03-21,Lady Vengeance,2005,https://boxd.it/248G,4
2025-03-21,The Gorge,2025,https://boxd.it/zRqK,2.5
2025-03-27,American Made,2017,https://boxd.it/bb66,3.5
2025-03-27,The Batman,2022,https://boxd.it/eDGs,5
2025-03-28,The Talented Mr. Ripley,1999,https://boxd.it/2924,4
2025-03-31,I Saw the Devil,2010,https://boxd.it/FaK,4
2025-04-05,Barry Lyndon,1975,https://boxd.it/25A2,4.5
2025-04-08,The Revenant,2015,https://boxd.it/8H5e,4
2025-04-10,Ready or Not,2019,https://boxd.it/kOf0,3.5
2025-04-12,The Secret in Their Eyes,2009,https://boxd.it/1vWw,4.5
2025-04-12,Crazxy,2025,https://boxd.it/QKu0,3.5
2025-04-13,Kizumonogatari Part 1: Tekketsu,2016,https://boxd.it/c7sO,4
2025-04-17,HIT: The 2nd Case,2022,https://boxd.it/uzQq,3.5
2025-04-17,HIT: The First Case,2020,https://boxd.it/pifM,4
2025-04-20,Scary Stories to Tell in the Dark,2019,https://boxd.it/eJTW,2
2025-04-24,Kizumonogatari Part 2: Nekketsu,2016,https://boxd.it/cq8o,4
2025-04-25,Dev.D,2009,https://boxd.it/1L5I,3
2025-04-26,Kizumonogatari Part 3: Reiketsu,2017,https://boxd.it/cq8y,4.5
2025-04-27,Psycho,1960,https://boxd.it/2ab2,4.5
2025-04-27,Vikram,2022,https://boxd.it/rUJa,4.5
2025-04-28,Hell House LLC,2015,https://boxd.it/cdjy,4
2025-04-29,Dune,2021,https://boxd.it/fA7G,4.5
2025-04-29,Taxi Driver,1976,https://boxd.it/2b8y,4.5
2025-04-29,12 Angry Men,1957,https://boxd.it/2auI,4.5
2025-04-29,"Monica, O My Darling",2022,https://boxd.it/yuuM,3.5
2025-04-29,Alien,1979,https://boxd.it/2awY,4
2025-05-01,The Sixth Sense,1999,https://boxd.it/29Js,4
2025-05-01,Ghost in the Shell,1995,https://boxd.it/1YYc,4.5
2025-05-03,Deadstream,2022,https://boxd.it/xryY,4
2025-05-11,Drag Me to Hell,2009,https://boxd.it/1Jzw,2.5
2025-05-11,Vampire Hunter D,1985,https://boxd.it/1YCg,3.5
2025-05-11,Wallace & Gromit: The Curse of the Were-Rabbit,2005,https://boxd.it/2ac0,3.5
2025-05-11,Fight or Flight,2024,https://boxd.it/K22E,2.5
2025-05-11,Blue Streak,1999,https://boxd.it/1UT8,3
2025-05-13,Vampire Hunter D: Bloodlust,2000,https://boxd.it/1L3i,4
2025-05-14,Mission: Impossible,1996,https://boxd.it/29d2,3.5
2025-05-17,Mission: Impossible II,2000,https://boxd.it/29cS,2.5
2025-05-17,Mission: Impossible III,2006,https://boxd.it/29cI,4
2025-05-18,Mission: Impossible – Ghost Protocol,2011,https://boxd.it/psI,3.5
2025-05-21,Dr. Strangelove or: How I Learned to Stop Worrying and Love the Bomb,1964,https://boxd.it/29eY,4
2025-05-23,A Clockwork Orange,1971,https://boxd.it/2aVE,4.5
2025-05-24,Coherence,2013,https://boxd.it/6xza,4
2025-05-24,Mission: Impossible – The Final Reckoning,2025,https://boxd.it/l7A2,4
2025-05-26,Upgrade,2018,https://boxd.it/i4gW,3.5
2025-06-02,Carlito's Way,1993,https://boxd.it/226e,4
2025-06-02,Scary Movie 3,2003,https://boxd.it/24Be,2
2025-06-06,Sinners,2025,https://boxd.it/KQMM,4
2025-06-10,Paprika,2006,https://boxd.it/23wW,4
2025-06-13,Blow Out,1981,https://boxd.it/1TlE,3.5
2025-06-14,The Man from Nowhere,2010,https://boxd.it/AZy,3.5
2025-06-15,The Evil Dead,1981,https://boxd.it/29Go,3.5
2025-06-17,Possession,1981,https://boxd.it/1BPm,4.5
2025-06-19,Asteroid City,2023,https://boxd.it/s3ds,3
2025-06-20,Godzilla Minus One,2023,https://boxd.it/zu4c,4
2025-06-23,The Cable Guy,1996,https://boxd.it/1XAI,3.5
2025-06-23,John Wick: Chapter 2,2017,https://boxd.it/ayGu,3.5
2025-06-25,Le Trou,1960,https://boxd.it/1nSw,4
2025-06-28,HIT: The Third Case,2025,https://boxd.it/E7vu,3
2025-07-03,Brightburn,2019,https://boxd.it/jk58,2.5
2025-07-05,Timecrimes,2007,https://boxd.it/1OGM,3.5
2025-07-06,Sausage Party,2016,https://boxd.it/6CCe,2.5
2025-07-06,Dirty Harry,1971,https://boxd.it/299E,4
2025-07-08,Mickey 17,2025,https://boxd.it/q1Dk,4
2025-07-11,Mystic River,2003,https://boxd.it/2aAG,4
2025-07-12,F1,2025,https://boxd.it/yjVM,4.5
2025-07-13,The Creator,2023,https://boxd.it/oXWq,4
2025-07-14,Midsommar,2019,https://boxd.it/jhxe,4
2025-07-17,Maanaadu,2021,https://boxd.it/ju24,3
2025-07-22,The Pursuit of Happyness,2006,https://boxd.it/28PE,4
2025-07-24,Superman,2025,https://boxd.it/E9IU,4
2025-07-25,Hot Fuzz,2007,https://boxd.it/2416,3.5
2025-07-26,Eyes Wide Shut,1999,https://boxd.it/2axs,4
2025-07-28,John Wick: Chapter 3 – Parabellum,2019,https://boxd.it/gmFw,4.5
2025-07-28,Creep,2014,https://boxd.it/7l4c,3.5
2025-08-02,Exhuma,2024,https://boxd.it/vCu0,3
2025-08-05,28 Weeks Later,2007,https://boxd.it/28Bi,3
2025-08-10,The Mist,2007,https://boxd.it/22r2,3.5
2025-08-10,Dredd,2012,https://boxd.it/GZE,2.5
2025-08-10,Yavarum Nalam,2009,https://boxd.it/1Ekm,4
2025-08-15,The Game,1997,https://boxd.it/26vC,3.5
2025-08-16,The Others,2001,https://boxd.it/27Po,3.5
2025-08-22,Coolie,2025,https://boxd.it/HDVK,3
2025-08-29,Paan Singh Tomar,2012,https://boxd.it/3l28,4
2025-08-31,Sinister,2012,https://boxd.it/2TnW,3.5
2025-09-01,The World's End,2013,https://boxd.it/3EiO,3
2025-09-01,Bronson,2008,https://boxd.it/1GM8,2.5
2025-09-01,Ne Zha,2019,https://boxd.it/mKSm,3.5
2025-09-06,Heat,1995,https://boxd.it/2bg8,4.5
2025-09-07,Prometheus,2012,https://boxd.it/2s9e,4
2025-09-11,The Lunchbox,2013,https://boxd.it/5MOs,4
2025-09-13,The Conjuring: Last Rites,2025,https://boxd.it/Dh8e,2.5
2025-09-14,Demon Slayer: Kimetsu no Yaiba Infinity Castle,2025,https://boxd.it/O1GQ,3.5
2025-09-18,HAIKYU!! The Dumpster Battle,2024,https://boxd.it/Cgri,4.5
2025-09-19,Thunderbolts*,2025,https://boxd.it/BfbQ,3.5
2025-09-20,Garam Masala,2005,https://boxd.it/1EM6,4
2025-09-21,Kantara,2022,https://boxd.it/wqK8,3.5
2025-09-21,May the Devil Take You,2018,https://boxd.it/j3Ha,2
2025-09-21,Insidious,2010,https://boxd.it/H4k,3.5
2025-09-21,The Blair Witch Project,1999,https://boxd.it/26ua,3.5
2025-09-22,Chhaava,2025,https://boxd.it/JpHe,3
2025-09-25,Companion,2025,https://boxd.it/F04o,3
2025-09-28,Deva,2025,https://boxd.it/JlCa,3
2025-10-02,Mahavatar Narsimha,2024,https://boxd.it/RdXU,4
2025-10-03,Weapons,2025,https://boxd.it/EMTM,4
2025-10-05,Django Unchained,2012,https://boxd.it/2cCk,5
2025-10-06,Evangelion: 2.0 You Can (Not) Advance,2009,https://boxd.it/1zYm,4
2025-10-07,The Naked Gun,2025,https://boxd.it/Da9k,3
2025-10-10,Karthik Calling Karthik,2010,https://boxd.it/1djw,3.5
2025-10-17,Evil Dead II,1987,https://boxd.it/29Ge,3.5
2025-10-18,The Black Phone,2021,https://boxd.it/sqFE,3
2025-10-21,Ne Zha 2,2025,https://boxd.it/B2qe,4.5
2025-10-23,The Conjuring,2013,https://boxd.it/4sr2,4
2025-10-25,Caught Stealing,2025,https://boxd.it/LnyS,3.5
2025-10-26,Oddity,2024,https://boxd.it/K9pg,3
2025-10-31,Chainsaw Man – The Movie: Reze Arc,2025,https://boxd.it/Kgyu,4.5
2025-11-07,The Phoenician Scheme,2025,https://boxd.it/H0Ca,3
2025-11-09,The Fantastic 4: First Steps,2025,https://boxd.it/mP6C,3
2025-11-13,Frankenstein,2025,https://boxd.it/Ecsg,4
2025-11-16,Black Phone 2,2025,https://boxd.it/JpbW,2.5
2025-11-17,2001: A Space Odyssey,1968,https://boxd.it/2bf0,4.5
2025-11-19,Look Back,2024,https://boxd.it/LjA6,4.5
2025-11-23,Until Dawn,2025,https://boxd.it/KOb0,3
2025-11-29,Mulholland Drive,2001,https://boxd.it/297o,4
2025-11-30,Bring Her Back,2025,https://boxd.it/Hxlc,4
2025-12-04,Sword of the Stranger,2007,https://boxd.it/1OZE,4
2025-12-05,Evangelion: 3.0 You Can (Not) Redo,2012,https://boxd.it/2BwG,3.5
2025-12-07,Kantara - A Legend: Chapter 1,2025,https://boxd.it/EZaq,3.5
2025-12-07,One Battle After Another,2025,https://boxd.it/DUHM,4.5
2025-12-09,Tees Maar Khan,2010,https://boxd.it/O5Y,3
2025-12-10,Redline,2009,https://boxd.it/2pQ0,4
2025-12-14,Thamma,2025,https://boxd.it/Jooq,2.5
2025-12-20,Ballerina,2025,https://boxd.it/jKqG,3.5
2025-12-21,Wake Up Dead Man,2025,https://boxd.it/uAKS,4
2025-12-26,Avatar: Fire and Ash,2025,https://boxd.it/2W7s,3.5
2025-12-28,Horrible Bosses,2011,https://boxd.it/Ba2,3.5
2025-12-29,Full Metal Jacket,1987,https://boxd.it/2a1Q,4
2025-12-31,Bugonia,2025,https://boxd.it/qeWY,4
2026-01-01,28 Years Later,2025,https://boxd.it/FEGM,3.5
2026-01-01,Bāhubali: The Epic,2025,https://boxd.it/WdFc,4
2026-01-01,Mirage,2025,https://boxd.it/S2B6,2.5
2026-01-04,Identity,2003,https://boxd.it/26e2,3.5
2026-01-07,Pather Panchali,1955,https://boxd.it/22yC,4
2026-01-10,The Usual Suspects,1995,https://boxd.it/29XE,4.5
2026-01-12,Pacific Rim,2013,https://boxd.it/2cB2,3.5
2026-01-16,The Nice Guys,2016,https://boxd.it/94Hg,4
2026-01-18,Mississippi Grind,2015,https://boxd.it/9UfI,3
2026-01-22,Law Abiding Citizen,2009,https://boxd.it/1A2I,3.5
2026-01-23,Kennedy,2023,https://boxd.it/G56G,4
2026-01-26,No Other Choice,2025,https://boxd.it/nKiA,4.5
2026-01-28,Marty Supreme,2025,https://boxd.it/Off0,4.5
2026-01-31,The Equalizer,2014,https://boxd.it/4TUK,3.5
2026-02-14,Roofman,2025,https://boxd.it/LcIW,3.5
2026-02-16,Tekkonkinkreet,2006,https://boxd.it/1Pui,4
2026-02-18,28 Years Later: The Bone Temple,2026,https://boxd.it/MwlA,3.5
2026-02-20,100 METERS,2025,https://boxd.it/NpbA,4.5
2026-03-01,Memoir of a Murderer,2017,https://boxd.it/flU4,4
2026-03-08,Mahaan,2022,https://boxd.it/uhxK,4
2026-03-12,The Terminator,1984,https://boxd.it/2aQY,3
2026-03-13,The Interview,2014,https://boxd.it/6KQ4,3.5
2026-03-15,Eko,2025,https://boxd.it/EuuY,3.5
2026-03-15,Hard Boiled,1992,https://boxd.it/1T6a,3
2026-03-18,Jin-Roh: The Wolf Brigade,1999,https://boxd.it/29wS,3.5
2026-03-19,Novocaine,2025,https://boxd.it/JmdA,3
2026-03-20,Midnight,2021,https://boxd.it/nhSO,3.5
2026-03-21,Dhurandhar The Revenge,2026,https://boxd.it/Z0Uu,4.5
2026-03-21,Dhurandhar,2025,https://boxd.it/NhCI,4
2026-03-28,Battle Royale,2000,https://boxd.it/25zS,2.5
2026-03-29,Sherlock Holmes,2009,https://boxd.it/1W2A,4
2026-03-31,Sisu,2022,https://boxd.it/vHpu,3
