Date,Name,Year,Letterboxd URI
2024-11-09,Fargo,1996,https://boxd.it/2aHM
2024-11-09,Mirage,2018,https://boxd.it/jeOm
2024-11-09,The Gentlemen,2019,https://boxd.it/iYBQ
2024-11-09,The Witch: Part 1. The Subversion,2018,https://boxd.it/jhIm
2024-11-09,Bad Trip,2021,https://boxd.it/lgRG
2024-11-09,Raiders of the Lost Ark,1981,https://boxd.it/2bbs
2024-11-09,The Platform,2019,https://boxd.it/mUm6
2024-11-09,Requiem for a Dream,2000,https://boxd.it/29VI
2024-11-09,Sleepy Hollow,1999,https://boxd.it/26u0
2024-11-09,Perfect Blue,1997,https://boxd.it/1W7A
2024-11-09,Twisters,2024,https://boxd.it/qV7a
2024-11-09,Ju-on: The Grudge,2002,https://boxd.it/1SY6
2024-11-09,The A-Team,2010,https://boxd.it/1dHS
2024-11-09,The Wild,2006,https://boxd.it/1Xz6
2024-11-09,National Treasure,2004,https://boxd.it/27x0
2024-11-09,The Other Guys,2010,https://boxd.it/1rtq
2024-11-09,For a Few Dollars More,1965,https://boxd.it/29eu
2024-11-09,Gonjiam: Haunted Asylum,2018,https://boxd.it/ioyw
2024-11-09,The Autopsy of Jane Doe,2016,https://boxd.it/dUu2
2024-11-09,Alien,1979,https://boxd.it/2awY
2024-11-09,The Ring,2002,https://boxd.it/2a70
2024-11-09,1408,2007,https://boxd.it/25Vu
2024-11-09,Grave Encounters,2011,https://boxd.it/D1G
2024-11-09,A Haunting in Venice,2023,https://boxd.it/zGdg
2024-11-09,The Butterfly Effect,2004,https://boxd.it/27M0
2024-11-09,One Cut of the Dead,2017,https://boxd.it/iAFu
2024-11-09,Deadpool & Wolverine,2024,https://boxd.it/jq8s
2024-11-09,Marrowbone,2017,https://boxd.it/dZVC
2024-11-09,Day Shift,2022,https://boxd.it/sn8W
2024-11-09,Furiosa: A Mad Max Saga,2024,https://boxd.it/tABk
2024-11-09,Tag,2018,https://boxd.it/gh7Y
2024-11-09,Death at a Funeral,2007,https://boxd.it/27dO
2024-11-09,The Grand Budapest Hotel,2014,https://boxd.it/3ZqO
2024-11-09,The Last Stop in Yuma County,2023,https://boxd.it/DCVQ
2024-11-09,Life,2017,https://boxd.it/dRqG
2024-11-09,The Guilty,2021,https://boxd.it/kOPW
2024-11-09,Memories of Murder,2003,https://boxd.it/1TSo
2024-11-09,City Lights,1931,https://boxd.it/29ki
2024-11-09,Unbreakable,2000,https://boxd.it/1XV2
2024-11-09,Uncut Gems,2019,https://boxd.it/gXGc
2024-11-09,Disturbia,2007,https://boxd.it/20rk
2024-11-09,Blue Streak,1999,https://boxd.it/1UT8
2024-11-09,Saltburn,2023,https://boxd.it/z4eg
2024-11-09,City Hunter: Shinjuku Private Eyes,2019,https://boxd.it/jGiy
2024-11-09,Leave the World Behind,2023,https://boxd.it/re0i
2024-11-09,The Beekeeper,2024,https://boxd.it/wJzS
2024-11-09,Enemy,2013,https://boxd.it/5xtO
2024-11-09,Minority Report,2002,https://boxd.it/2aWi
2024-11-09,HAIKYU!! The Dumpster Battle,2024,https://boxd.it/Cgri
2024-11-09,The Last Samurai,2003,https://boxd.it/29ZA
2024-11-09,Arrival,2016,https://boxd.it/aNGk
2024-11-09,Evolution,2001,https://boxd.it/1YMK
2024-11-09,Manjummel Boys,2024,https://boxd.it/EtUc
2024-11-09,Smile,2022,https://boxd.it/xjfE
2024-11-09,Deadpool,2016,https://boxd.it/9fOC
2024-11-09,That's My Boy,2012,https://boxd.it/35IW
2024-11-09,Hereditary,2018,https://boxd.it/hNVe
2024-11-09,Late Night with the Devil,2023,https://boxd.it/zo6G
2024-11-09,Bleach,2018,https://boxd.it/eRmG
2024-11-09,Madgaon Express,2024,https://boxd.it/JzcA
2024-11-09,Kong: Skull Island,2017,https://boxd.it/9ewM
2024-11-09,Monkey Man,2024,https://boxd.it/kvsO
2024-11-09,Primal Fear,1996,https://boxd.it/28ws
2024-11-09,The Italian Job,2003,https://boxd.it/1Y86
2024-11-09,The Black Phone,2021,https://boxd.it/sqFE
2024-11-09,The Shining,1980,https://boxd.it/29Nu
2024-11-09,The Silence of the Lambs,1991,https://boxd.it/2aHW
2024-11-09,Psycho,1960,https://boxd.it/2ab2
2024-11-09,Road House,2024,https://boxd.it/cdzQ
2024-11-09,The Girl with the Dragon Tattoo,2011,https://boxd.it/2Pa
2024-11-09,Constantine,2005,https://boxd.it/2a7E
2024-11-09,Kill Bill: Vol. 2,2004,https://boxd.it/2au4
2024-11-09,Birdman or (The Unexpected Virtue of Ignorance),2014,https://boxd.it/5RFA
2024-11-09,Justice League: Crisis on Infinite Earths Part One,2024,https://boxd.it/HH9g
2024-11-09,Triangle,2009,https://boxd.it/1tQG
2024-11-09,Dune: Part Two,2024,https://boxd.it/pUfA
2024-11-09,Yes Man,2008,https://boxd.it/1WPW
2024-11-09,Gone Girl,2014,https://boxd.it/6hQu
2024-11-09,The Devil's Advocate,1997,https://boxd.it/286k
2024-11-09,The Wonderful Story of Henry Sugar,2023,https://boxd.it/yNyo
2024-11-09,Godzilla,2014,https://boxd.it/47OE
2024-11-09,Five Nights at Freddy's,2023,https://boxd.it/ikHu
2024-11-09,A Fistful of Dollars,1964,https://boxd.it/2auo
2024-11-09,The Da Vinci Code,2006,https://boxd.it/2a3i
2024-11-09,The Lighthouse,2019,https://boxd.it/icFU
2024-11-09,Project X,2012,https://boxd.it/neO
2024-11-09,Gran Turismo,2023,https://boxd.it/B2lS
2024-11-09,Watchmen,2009,https://boxd.it/1QE4
2024-11-09,Gen V - Prime Premiere,2023,https://boxd.it/IOUK
2024-11-09,The Rat Catcher,2023,https://boxd.it/Is8a
2024-11-09,The Darjeeling Limited,2007,https://boxd.it/24as
2024-11-09,"The Good, the Bad and the Ugly",1966,https://boxd.it/2ape
2024-11-09,Escape from Alcatraz,1979,https://boxd.it/1Vwk
2024-11-09,Bullet Train,2022,https://boxd.it/qW26
2024-11-09,Us,2019,https://boxd.it/gnV6
2024-11-09,Get Out,2017,https://boxd.it/eOCm
2024-11-09,The Witch,2015,https://boxd.it/9X0m
2024-11-09,Evil Dead Rise,2023,https://boxd.it/qIvo
2024-11-09,Battleship,2012,https://boxd.it/QZ0
2024-11-09,Oppenheimer,2023,https://boxd.it/wUow
2024-11-09,Everything Everywhere All at Once,2022,https://boxd.it/jUk4
2024-11-09,The Creator,2023,https://boxd.it/oXWq
2024-11-09,RRR,2022,https://boxd.it/ljDs
2024-11-09,"The Gangster, the Cop, the Devil",2019,https://boxd.it/lnuk
2024-11-09,Face/Off,1997,https://boxd.it/29I0
2024-11-09,A Hard Day,2014,https://boxd.it/85lS
2024-11-09,The Killer,2023,https://boxd.it/u6WE
2024-11-09,Renfield,2023,https://boxd.it/o8vy
2024-11-09,The Unbearable Weight of Massive Talent,2022,https://boxd.it/o6eK
2024-11-09,Air,2023,https://boxd.it/Arlc
2024-11-09,Poison,2023,https://boxd.it/Is7Q
2024-11-09,Calibre,2018,https://boxd.it/h0ru
2024-11-09,Leo,2023,https://boxd.it/zOWS
2024-11-09,Murder Mystery,2019,https://boxd.it/iEBm
2024-11-09,300,2006,https://boxd.it/28XI
2024-11-09,Oblivion,2013,https://boxd.it/2Bzq
2024-11-09,Edge of Tomorrow,2014,https://boxd.it/4pD0
2024-11-09,World War Z,2013,https://boxd.it/2p2E
2024-11-09,I Am Legend,2007,https://boxd.it/21DG
2024-11-09,Limitless,2011,https://boxd.it/Aly
2024-11-09,Predestination,2014,https://boxd.it/6bJM
2024-11-09,Source Code,2011,https://boxd.it/fdo
2024-11-09,Mortal Engines,2018,https://boxd.it/fahg
2024-11-09,Donnie Darko,2001,https://boxd.it/2b2A
2024-11-09,Drive,2011,https://boxd.it/IG
2024-11-09,The Nice Guys,2016,https://boxd.it/94Hg
2024-11-09,Talk to Me,2022,https://boxd.it/C6uQ
2024-11-09,John Wick: Chapter 4,2023,https://boxd.it/mh48
2024-11-09,Mission: Impossible – Dead Reckoning,2023,https://boxd.it/l7zS
2024-11-09,Interstellar,2014,https://boxd.it/4VZ8
2024-11-09,The Lord of the Rings: The Fellowship of the Ring,2001,https://boxd.it/2b5O
2024-11-09,The Lord of the Rings: The Two Towers,2002,https://boxd.it/2b5E
2024-11-09,The Lord of the Rings: The Return of the King,2003,https://boxd.it/2b5u
2024-11-09,Game Night,2018,https://boxd.it/fRtu
2024-11-09,A Quiet Place,2018,https://boxd.it/fVJQ
2024-11-09,Afro Samurai,2007,https://boxd.it/a6W
2024-11-09,Dark Waters,2019,https://boxd.it/kaYu
2024-11-09,Insomnia,2002,https://boxd.it/2aB0
2024-11-09,Inglourious Basterds,2009,https://boxd.it/1JzG
2024-11-09,Looper,2012,https://boxd.it/ham
2024-11-09,Casino Royale,2006,https://boxd.it/1alk
2024-11-09,Taken,2008,https://boxd.it/1ZXa
2024-11-09,Bad Times at the El Royale,2018,https://boxd.it/fSA2
2024-11-09,The Hunt,2020,https://boxd.it/iE9i
2024-11-09,Léon: The Professional,1994,https://boxd.it/2b8S
2024-11-09,The Hateful Eight,2015,https://boxd.it/8gw8
2024-11-09,Guardians of the Galaxy Vol. 3,2023,https://boxd.it/fVNI
2024-11-09,The Flash,2023,https://boxd.it/9twC
2024-11-09,Spider-Man: Into the Spider-Verse,2018,https://boxd.it/azpY
2024-11-09,The Imitation Game,2014,https://boxd.it/6aig
2024-11-09,Dracula Untold,2014,https://boxd.it/H4u
2024-11-09,Insidious: Chapter 2,2013,https://boxd.it/3dqc
2024-11-09,Insidious,2010,https://boxd.it/H4k
2024-11-09,Barbarian,2022,https://boxd.it/yohi
2024-11-09,Se7en,1995,https://boxd.it/29zs
2024-11-09,Kill Bill: Vol. 1,2003,https://boxd.it/70w
2024-11-09,Knives Out,2019,https://boxd.it/jWEA
2024-11-09,Glass Onion,2022,https://boxd.it/oCkK
2024-11-09,The Usual Suspects,1995,https://boxd.it/29XE
2024-11-09,Kantara,2022,https://boxd.it/wqK8
2024-11-09,Gladiator,2000,https://boxd.it/2b9m
2024-11-09,"Monica, O My Darling",2022,https://boxd.it/yuuM
2024-11-09,Jack Reacher,2012,https://boxd.it/2BUo
2024-11-09,Prey,2022,https://boxd.it/sNBU
2024-11-09,Soorarai Pottru,2020,https://boxd.it/lWrq
2024-11-09,Kaithi,2019,https://boxd.it/lBLY
2024-11-09,Vikram Vedha,2017,https://boxd.it/fkaY
2024-11-09,Ratsasan,2018,https://boxd.it/eyFu
2024-11-09,The Godfather,1972,https://boxd.it/2aNK
2024-11-09,12 Angry Men,1957,https://boxd.it/2auI
2024-11-09,Rear Window,1954,https://boxd.it/2a6Q
2024-11-09,Top Gun: Maverick,2022,https://boxd.it/cjr4
2024-11-09,K.G.F: Chapter 1,2018,https://boxd.it/kGf2
2024-11-09,Star Wars,1977,https://boxd.it/72s
2024-11-09,Karthikeya,2014,https://boxd.it/9xug
2024-11-09,Vikram,2022,https://boxd.it/rUJa
2024-11-09,The Irishman,2019,https://boxd.it/dYOq
2024-11-09,No Time to Die,2021,https://boxd.it/cPX2
2024-11-09,Pulp Fiction,1994,https://boxd.it/29Pq
2024-11-09,The Martian,2015,https://boxd.it/8SeG
2024-11-09,Nightcrawler,2014,https://boxd.it/780m
2024-11-09,Prisoners,2013,https://boxd.it/4E5i
2024-11-09,The Dark Knight Rises,2012,https://boxd.it/H3m
2024-11-09,Doctor Strange,2016,https://boxd.it/8MH8
2024-11-09,The Avengers,2012,https://boxd.it/1xFW
2024-11-09,Logan,2017,https://boxd.it/7Piy
2024-11-09,Guardians of the Galaxy Vol. 2,2017,https://boxd.it/8MxC
2024-11-09,Aquaman,2018,https://boxd.it/9ru0
2024-11-09,Harry Potter and the Deathly Hallows: Part 2,2011,https://boxd.it/1RYk
2024-11-09,Batman Begins,2005,https://boxd.it/2aIg
2024-11-09,Guardians of the Galaxy,2014,https://boxd.it/3VH2
2024-11-09,Mad Max: Fury Road,2015,https://boxd.it/2DjO
2024-11-09,Avatar,2009,https://boxd.it/1Efm
2024-11-09,Thor: Ragnarok,2017,https://boxd.it/8MHi
2024-11-09,Jurassic Park,1993,https://boxd.it/2aA2
2024-11-09,A Silent Voice: The Movie,2016,https://boxd.it/d99c
2024-11-09,K.G.F: Chapter 2,2022,https://boxd.it/lCgM
2024-11-09,Catch Me If You Can,2002,https://boxd.it/29VS
2024-11-09,The Wolf of Wall Street,2013,https://boxd.it/3C1m
2024-11-09,Shutter Island,2010,https://boxd.it/1U82
2024-11-09,The Departed,2006,https://boxd.it/28MA
2024-11-09,Midnight Run,1988,https://boxd.it/1ZnQ
2024-11-09,Dune,2021,https://boxd.it/fA7G
2024-11-09,Doctor Strange in the Multiverse of Madness,2022,https://boxd.it/gaTc
2024-11-09,American Psycho,2000,https://boxd.it/28Vs
2024-11-09,Back to the Future,1985,https://boxd.it/2b8e
2024-11-09,The Prestige,2006,https://boxd.it/293w
2024-11-09,Dunkirk,2017,https://boxd.it/d0Y6
2024-11-09,Memento,2000,https://boxd.it/2bcK
2024-11-09,Spider-Man: No Way Home,2021,https://boxd.it/nwRw
2024-11-09,The Batman,2022,https://boxd.it/eDGs
2024-11-09,Reservoir Dogs,1992,https://boxd.it/2agc
2024-11-09,My Hero Academia: Two Heroes,2018,https://boxd.it/igfw
2024-11-09,Ocean's Eleven,2001,https://boxd.it/2aZm
2024-11-09,Shang-Chi and the Legend of the Ten Rings,2021,https://boxd.it/kLDI
2024-11-09,Fight Club,1999,https://boxd.it/2a9q
2024-11-09,Inception,2010,https://boxd.it/1skk
2024-11-09,The Suicide Squad,2021,https://boxd.it/fw6O
2024-11-09,Demon Slayer -Kimetsu no Yaiba- The Movie: Mugen Train,2020,https://boxd.it/nyLU
2024-11-09,Your Name.,2016,https://boxd.it/cUqs
2024-11-09,Django Unchained,2012,https://boxd.it/2cCk
2024-11-09,GoodFellas,1990,https://boxd.it/29FA
2024-11-09,Taxi Driver,1976,https://boxd.it/2b8y
2024-11-09,Zack Snyder's Justice League,2021,https://boxd.it/tLOk
2024-11-09,Nobody,2021,https://boxd.it/mLqS
2024-11-09,Avengers: Infinity War,2018,https://boxd.it/9vEe
2024-11-09,Parasite,2019,https://boxd.it/hTha
2024-11-09,The Shawshank Redemption,1994,https://boxd.it/2aHi
2024-11-09,The Dark Knight,2008,https://boxd.it/2b0k
2024-11-09,Tenet,2020,https://boxd.it/leq4
2024-11-09,Joker,2019,https://boxd.it/h4cS
2024-11-09,Avengers: Endgame,2019,https://boxd.it/9vE4
2024-11-15,Akira,1988,https://boxd.it/2b1i
2024-11-17,Olympus Has Fallen,2013,https://boxd.it/3TMY
2024-11-19,"I, Robot",2004,https://boxd.it/27y8
2024-11-20,Smile 2,2024,https://boxd.it/FDA4
2024-11-29,Werewolf by Night,2022,https://boxd.it/xMrO
2024-11-30,Sympathy for Mr. Vengeance,2002,https://boxd.it/23WU
2024-12-01,Jumper,2008,https://boxd.it/20ss
2024-12-07,Snatch,2000,https://boxd.it/2b7U
2024-12-08,The Wailing,2016,https://boxd.it/9fLy
2024-12-14,Bramayugam,2024,https://boxd.it/Iekc
2024-12-26,The Meg,2018,https://boxd.it/bAL4
2024-12-28,Monty Python and the Holy Grail,1975,https://boxd.it/29GI
2024-12-29,Independence Day,1996,https://boxd.it/2a1w
2024-12-29,John Wick,2014,https://boxd.it/7dEc
2024-12-29,The Fall Guy,2024,https://boxd.it/s0Bm
2024-12-30,Airplane!,1980,https://boxd.it/29yu
2024-12-31,Knowing,2009,https://boxd.it/1Pmy
2025-01-01,Blade,1998,https://boxd.it/1a8A
2025-01-04,Troy,2004,https://boxd.it/29TW
2025-01-04,The Wild Robot,2024,https://boxd.it/IWFy
2025-01-05,Mr. Peabody & Sherman,2014,https://boxd.it/2TRM
2025-01-05,Wallace & Gromit: The Curse of the Were-Rabbit,2005,https://boxd.it/2ac0
2025-01-08,Under the Skin,2013,https://boxd.it/3mDa
2025-01-12,Red Ghost,2020,https://boxd.it/l9mm
2025-01-12,Evangelion: 1.0 You Are (Not) Alone,2007,https://boxd.it/1MKi
2025-01-13,Cure,1997,https://boxd.it/1blA
2025-01-16,Rosemary's Baby,1968,https://boxd.it/29zM
2025-01-19,Anchorman: The Legend of Ron Burgundy,2004,https://boxd.it/1ZVo
2025-01-19,Tumbbad,2018,https://boxd.it/jDZk
2025-01-24,Nosferatu,2024,https://boxd.it/f5eG
2025-01-25,The Bad Guys,2022,https://boxd.it/nkg4
2025-01-28,The Chaser,2008,https://boxd.it/1PgU
2025-01-31,Forgotten,2017,https://boxd.it/hAJE
2025-02-03,The Whole Nine Yards,2000,https://boxd.it/27vS
2025-02-06,Confession of Murder,2012,https://boxd.it/4uK6
2025-02-12,SPY x FAMILY CODE: White,2023,https://boxd.it/EdkW
2025-02-13,Jackie Brown,1997,https://boxd.it/2aVO
2025-02-16,Tokyo Godfathers,2003,https://boxd.it/1Qg2
2025-02-18,Deva,2025,https://boxd.it/JlCa
2025-02-21,Oldboy,2003,https://boxd.it/29R2
2025-02-25,28 Days Later,2002,https://boxd.it/2aXU
2025-02-26,The Truman Show,1998,https://boxd.it/18U8
2025-02-26,The Pianist,2002,https://boxd.it/2aqc
2025-03-02,The Adventures of Tintin,2011,https://boxd.it/1Irc
2025-03-02,Harry Potter and the Philosopher's Stone,2001,https://boxd.it/29QS
2025-03-03,Sonic the Hedgehog 3,2024,https://boxd.it/zq0U
2025-03-07,"The Pig, the Snake and the Pigeon",2023,https://boxd.it/DAoU
2025-03-12,Bad Boys: Ride or Die,2024,https://boxd.it/l3Ki
2025-03-16,Speed,1994,https://boxd.it/28qk
2025-03-17,Chinatown,1974,https://boxd.it/29vU
2025-03-20,Vertigo,1958,https://boxd.it/2apI
2025-03-21,Lady Vengeance,2005,https://boxd.it/248G
2025-03-21,The Gorge,2025,https://boxd.it/zRqK
2025-03-27,American Made,2017,https://boxd.it/bb66
2025-03-28,The Talented Mr. Ripley,1999,https://boxd.it/2924
2025-03-30,Chhaava,2025,https://boxd.it/JpHe
2025-03-31,I Saw the Devil,2010,https://boxd.it/FaK
2025-04-05,Barry Lyndon,1975,https://boxd.it/25A2
2025-04-08,The Revenant,2015,https://boxd.it/8H5e
2025-04-10,Ready or Not,2019,https://boxd.it/kOf0
2025-04-12,The Secret in Their Eyes,2009,https://boxd.it/1vWw
2025-04-12,Crazxy,2025,https://boxd.it/QKu0
2025-04-13,Kizumonogatari Part 1: Tekketsu,2016,https://boxd.it/c7sO
2025-04-16,HIT: The First Case,2020,https://boxd.it/pifM
2025-04-17,HIT: The 2nd Case,2022,https://boxd.it/uzQq
2025-04-20,Scary Stories to Tell in the Dark,2019,https://boxd.it/eJTW
2025-04-24,Kizumonogatari Part 2: Nekketsu,2016,https://boxd.it/cq8o
2025-04-24,Gangs of Wasseypur – Part 1,2012,https://boxd.it/3UHK
2025-04-24,Gangs of Wasseypur – Part 2,2012,https://boxd.it/497i
2025-04-24,Dev.D,2009,https://boxd.it/1L5I
2025-04-26,Kizumonogatari Part 3: Reiketsu,2017,https://boxd.it/cq8y
2025-04-27,May the Devil Take You,2018,https://boxd.it/j3Ha
2025-04-28,Hell House LLC,2015,https://boxd.it/cdjy
2025-05-01,The Sixth Sense,1999,https://boxd.it/29Js
2025-05-01,Ghost in the Shell,1995,https://boxd.it/1YYc
2025-05-03,Deadstream,2022,https://boxd.it/xryY
2025-05-10,Vampire Hunter D,1985,https://boxd.it/1YCg
2025-05-11,Drag Me to Hell,2009,https://boxd.it/1Jzw
2025-05-11,Fight or Flight,2024,https://boxd.it/K22E
2025-05-13,Vampire Hunter D: Bloodlust,2000,https://boxd.it/1L3i
2025-05-14,Mission: Impossible,1996,https://boxd.it/29d2
2025-05-17,Mission: Impossible II,2000,https://boxd.it/29cS
2025-05-17,Mission: Impossible III,2006,https://boxd.it/29cI
2025-05-18,Mission: Impossible – Ghost Protocol,2011,https://boxd.it/psI
2025-05-21,Dr. Strangelove or: How I Learned to Stop Worrying and Love the Bomb,1964,https://boxd.it/29eY
2025-05-23,A Clockwork Orange,1971,https://boxd.it/2aVE
2025-05-24,Coherence,2013,https://boxd.it/6xza
2025-05-24,Mission: Impossible – The Final Reckoning,2025,https://boxd.it/l7A2
2025-05-26,Upgrade,2018,https://boxd.it/i4gW
2025-05-29,Scary Movie 3,2003,https://boxd.it/24Be
2025-06-02,Carlito's Way,1993,https://boxd.it/226e
2025-06-06,Sinners,2025,https://boxd.it/KQMM
2025-06-10,Paprika,2006,https://boxd.it/23wW
2025-06-13,Blow Out,1981,https://boxd.it/1TlE
2025-06-14,The Man from Nowhere,2010,https://boxd.it/AZy
2025-06-15,The Evil Dead,1981,https://boxd.it/29Go
2025-06-15,Legion,2010,https://boxd.it/1zVi
2025-06-17,Possession,1981,https://boxd.it/1BPm
2025-06-19,Asteroid City,2023,https://boxd.it/s3ds
2025-06-20,Godzilla Minus One,2023,https://boxd.it/zu4c
2025-06-23,The Cable Guy,1996,https://boxd.it/1XAI
2025-06-23,John Wick: Chapter 2,2017,https://boxd.it/ayGu
2025-06-24,Justice League,2017,https://boxd.it/4w68
2025-06-25,Le Trou,1960,https://boxd.it/1nSw
2025-06-28,HIT: The Third Case,2025,https://boxd.it/E7vu
2025-07-03,Brightburn,2019,https://boxd.it/jk58
2025-07-05,Timecrimes,2007,https://boxd.it/1OGM
2025-07-05,The Shape of Water,2017,https://boxd.it/dZ5m
2025-07-05,Life of Pi,2012,https://boxd.it/37pC
2025-07-05,Megamind,2010,https://boxd.it/16Sk
2025-07-05,Rango,2011,https://boxd.it/QPk
2025-07-05,Puss in Boots: The Last Wish,2022,https://boxd.it/aaie
2025-07-06,Sausage Party,2016,https://boxd.it/6CCe
2025-07-06,Dirty Harry,1971,https://boxd.it/299E
2025-07-08,Mickey 17,2025,https://boxd.it/q1Dk
2025-07-11,Mystic River,2003,https://boxd.it/2aAG
2025-07-11,Superman,2025,https://boxd.it/E9IU
2025-07-12,F1,2025,https://boxd.it/yjVM
2025-07-14,Midsommar,2019,https://boxd.it/jhxe
2025-07-17,Maanaadu,2021,https://boxd.it/ju24
2025-07-22,The Pursuit of Happyness,2006,https://boxd.it/28PE
2025-07-25,Baby Driver,2017,https://boxd.it/bhF2
2025-07-25,Hot Fuzz,2007,https://boxd.it/2416
2025-07-26,Eyes Wide Shut,1999,https://boxd.it/2axs
2025-07-28,John Wick: Chapter 3 – Parabellum,2019,https://boxd.it/gmFw
2025-07-28,Creep,2014,https://boxd.it/7l4c
2025-08-02,Exhuma,2024,https://boxd.it/vCu0
2025-08-05,28 Weeks Later,2007,https://boxd.it/28Bi
2025-08-10,The Mist,2007,https://boxd.it/22r2
2025-08-10,Dredd,2012,https://boxd.it/GZE
2025-08-10,Yavarum Nalam,2009,https://boxd.it/1Ekm
2025-08-15,The Game,1997,https://boxd.it/26vC
2025-08-16,The Others,2001,https://boxd.it/27Po
2025-08-22,Coolie,2025,https://boxd.it/HDVK
2025-08-26,The World's End,2013,https://boxd.it/3EiO
2025-08-27,Bronson,2008,https://boxd.it/1GM8
2025-08-28,Ne Zha,2019,https://boxd.it/mKSm
2025-08-29,Paan Singh Tomar,2012,https://boxd.it/3l28
2025-08-30,Titanic,1997,https://boxd.it/2a2k
2025-08-31,Sinister,2012,https://boxd.it/2TnW
2025-09-06,Heat,1995,https://boxd.it/2bg8
2025-09-07,Prometheus,2012,https://boxd.it/2s9e
2025-09-11,The Lunchbox,2013,https://boxd.it/5MOs
2025-09-13,The Conjuring: Last Rites,2025,https://boxd.it/Dh8e
2025-09-14,Demon Slayer: Kimetsu no Yaiba Infinity Castle,2025,https://boxd.it/O1GQ
2025-09-19,Thunderbolts*,2025,https://boxd.it/BfbQ
2025-09-20,Garam Masala,2005,https://boxd.it/1EM6
2025-09-21,The Blair Witch Project,1999,https://boxd.it/26ua
2025-09-25,Companion,2025,https://boxd.it/F04o
2025-09-26,Chainsaw Man – The Movie: Reze Arc,2025,https://boxd.it/Kgyu
2025-10-01,The Naked Gun,2025,https://boxd.it/Da9k
2025-10-02,Mahavatar Narsimha,2024,https://boxd.it/RdXU
2025-10-03,Weapons,2025,https://boxd.it/EMTM
2025-10-06,Evangelion: 2.0 You Can (Not) Advance,2009,https://boxd.it/1zYm
2025-10-10,Karthik Calling Karthik,2010,https://boxd.it/1djw
2025-10-15,Caught Stealing,2025,https://boxd.it/LnyS
2025-10-17,Evil Dead II,1987,https://boxd.it/29Ge
2025-10-21,Ne Zha 2,2025,https://boxd.it/B2qe
2025-10-21,Kantara - A Legend: Chapter 1,2025,https://boxd.it/EZaq
2025-10-23,The Conjuring,2013,https://boxd.it/4sr2
2025-10-26,Oddity,2024,https://boxd.it/K9pg
2025-11-07,The Phoenician Scheme,2025,https://boxd.it/H0Ca
2025-11-09,The Fantastic 4: First Steps,2025,https://boxd.it/mP6C
2025-11-12,Back to the Future Part II,1989,https://boxd.it/2aYI
2025-11-12,Back to the Future Part III,1990,https://boxd.it/2aTS
2025-11-13,Frankenstein,2025,https://boxd.it/Ecsg
2025-11-16,Black Phone 2,2025,https://boxd.it/JpbW
2025-11-17,2001: A Space Odyssey,1968,https://boxd.it/2bf0
2025-11-19,Look Back,2024,https://boxd.it/LjA6
2025-11-23,Until Dawn,2025,https://boxd.it/KOb0
2025-11-25,Puparia,2020,https://boxd.it/sNym
2025-11-29,Mulholland Drive,2001,https://boxd.it/297o
2025-11-30,Bring Her Back,2025,https://boxd.it/Hxlc
2025-12-04,Sword of the Stranger,2007,https://boxd.it/1OZE
2025-12-05,Evangelion: 3.0 You Can (Not) Redo,2012,https://boxd.it/2BwG
2025-12-06,Dhurandhar,2025,https://boxd.it/NhCI
2025-12-07,One Battle After Another,2025,https://boxd.it/DUHM
2025-12-09,Tees Maar Khan,2010,https://boxd.it/O5Y
2025-12-10,Redline,2009,https://boxd.it/2pQ0
2025-12-14,Thamma,2025,https://boxd.it/Jooq
2025-12-20,Ballerina,2025,https://boxd.it/jKqG
2025-12-21,Wake Up Dead Man,2025,https://boxd.it/uAKS
2025-12-26,Avatar: Fire and Ash,2025,https://boxd.it/2W7s
2025-12-28,Horrible Bosses,2011,https://boxd.it/Ba2
2025-12-29,Full Metal Jacket,1987,https://boxd.it/2a1Q
2025-12-31,Bugonia,2025,https://boxd.it/qeWY
2025-12-31,Bāhubali: The Epic,2025,https://boxd.it/WdFc
2026-01-01,28 Years Later,2025,https://boxd.it/FEGM
2026-01-01,Mirage,2025,https://boxd.it/S2B6
2026-01-04,Identity,2003,https://boxd.it/26e2
2026-01-07,Pather Panchali,1955,https://boxd.it/22yC
2026-01-11,Law Abiding Citizen,2009,https://boxd.it/1A2I
2026-01-12,Pacific Rim,2013,https://boxd.it/2cB2
2026-01-18,Mississippi Grind,2015,https://boxd.it/9UfI
2026-01-23,Kennedy,2023,https://boxd.it/G56G
2026-01-26,No Other Choice,2025,https://boxd.it/nKiA
2026-01-28,Marty Supreme,2025,https://boxd.it/Off0
2026-01-31,The Equalizer,2014,https://boxd.it/4TUK
2026-02-14,Roofman,2025,https://boxd.it/LcIW
2026-02-16,Tekkonkinkreet,2006,https://boxd.it/1Pui
2026-02-18,28 Years Later: The Bone Temple,2026,https://boxd.it/MwlA
2026-02-20,100 METERS,2025,https://boxd.it/NpbA
2026-03-01,Memoir of a Murderer,2017,https://boxd.it/flU4
2026-03-08,Mahaan,2022,https://boxd.it/uhxK
2026-03-12,The Terminator,1984,https://boxd.it/2aQY
2026-03-13,The Interview,2014,https://boxd.it/6KQ4
2026-03-15,Eko,2025,https://boxd.it/EuuY
2026-03-15,Hard Boiled,1992,https://boxd.it/1T6a
2026-03-18,Jin-Roh: The Wolf Brigade,1999,https://boxd.it/29wS
2026-03-19,Novocaine,2025,https://boxd.it/JmdA
2026-03-20,Midnight,2021,https://boxd.it/nhSO
2026-03-21,Dhurandhar The Revenge,2026,https://boxd.it/Z0Uu
2026-03-28,Battle Royale,2000,https://boxd.it/25zS
2026-03-29,Sherlock Holmes,2009,https://boxd.it/1W2A
2026-03-31,Sisu,2022,https://boxd.it/vHpu
